username,user_id,counts
42xWeeD,1554768110963478528,495
BooK_Ku,63018215,139
OGGANJA2,1552914113608970240,129
nkx8yf4PxV8RccU,1397569068652064770,118
zoromonsS,1454486461269434373,110
Greenglass_420,1557614780864536576,103
GUEST6607526277,1183085379202633728,91
smokequeen89,1551239508720422918,61
420weedog,1559885381654327297,60
tuatoh29,1536099003556696065,58
420_kaycha,1367133669979090944,56
420RUBYWEED,1536595291008569344,55
Hatori32041473,1019234558099664897,55
mustachemanshop,1466548113858981892,45
Roses_brownies,1456502316840804353,44
BudBoyseller,1546325605330722816,42
Guncha_93,884348127666360321,38
RoadtoJupiterOG,1497362001294598144,38
Cannabi09166874,1523336524808753152,37
Stoner__Weed,1495303418113855489,37
420_cnx_og,1538451070644473856,36
Thammarat12850,980284278415147010,35
Yodacannabis420,1518657651802275840,34
RchtDu,1536994037462605830,33
Kittithat_Mick,1540379780012380162,33
weedforlife420r,1536680457491820544,33
WeeD_PLS,1542909187856150528,32
Tormorsung,1341436382636515329,32
Highasfuck24,1566137055725293568,31
Jameza420,1527563718149566464,31
hempweed90,2456094144,31
t_skyper,1479665565601988611,30
abz55555,1266302130698125317,29
katom_cnx,1436289158075465730,29
STIIIZYTHshop,1362481457415872512,28
Cnxz420Weedzone,1542410628639637504,28
Euphoria420gas,1549776071465152512,26
phuchissphuphi1,1539834610192097281,26
T_W_N_C,1476822526575529986,25
xxxskull_nft,1388475829756125188,25
RedEyeCannabis,1535276500848906240,24
PangBas1122,1562428881323577344,23
jukgLOTuYt4Zghl,1377660599899852801,23
CnxSweet,1563853456657743872,23
M2B47254480,1551180463116791808,23
NS_420chiangmai,1545649402333003776,23
SNying6,1241566675771600896,23
road_tojupiter,1558209635256897536,23
katomCNX,1433415823331250187,22
LungXngkh,1516861444855255040,22
Sweedsheep,1563817564584628224,22
Energyweed2,1541487198456803328,22
DulyLxy,1520661938795327488,21
sekkrabsek,1561735620594061312,21
TWNC_v2,1488414609967312896,21
Cannabi72362305,1550104639965499393,21
Duckhigh420,1564936658822123520,20
WeedQueen_May,1555563297394786304,20
SeoulSweet31,1518594437911224326,20
garland7yup,1560300945262911488,20
Fixxt9,1413171805519417352,20
ThailandTHC420,1545305357257347072,18
Highlife_S,1328440209961152512,18
blossoms_og,390592551,18
xes_fu,1535476846535786496,18
3hzee,1533398325960929280,18
KhunKmla,1519778697540431872,18
zighippie,1512375153333706754,17
Komsi1997,1545751456166584320,17
medical_dee,1561014687101136896,16
buds_nicky,1556289225670406146,16
eqlQdeLsCMnRKbl,1561603954576101376,16
2Weedmaster,1491061481987018755,16
99Devil8889,1536420598405947392,16
420greentree,1533993973374918656,15
MiWichay,1449688971454205959,15
mintcandyog,2491790611,15
Gethight_,1545939804512452608,14
chewngsakdi11,1541043513185677314,14
Amati39,747658708986007552,14
HAZEMART420,1560185321605586944,14
DxyNari,1551553638832545857,14
KunchaShopkan,1530348773263560704,14
Highasfuxk24,1548655072388689920,14
WeedMao_D,1555074003957456896,14
aka_shop420,1465794537985560580,13
BnHighaddict,1535971169404276736,13
weedforsell,1439107407607599110,13
bord_oa,1545757857639170048,13
weed420tpp,1421372538442055680,13
Bongmagic555,1562723002219130884,13
greenyard4420,1559048834852220928,13
Flowerofevil420,968923821477576704,13
holyhigh951,1503623092874096643,13
zweednlean99,1563404426450046977,12
siamhighweedKK,1566500719074902016,12
namhomm_19,1332589951423193088,12
high420_ns,1539178801820999681,12
TreetawatP,1456516608902324224,12
CaliSnowbkk,1384723946969321476,12
TSUTHANI1,1468881776005181440,12
weednawat,1105538445181517824,12
EzyWeedz,1566786147954864130,12
Superhight420,1536375361855819776,12
10_sup,1326716750746972160,11
MaKaycha,1450069142678085636,11
GreenfarmerTh,1535504523623821313,11
SaimaiStreet420,1556027049260617728,11
Catmao_,1111646878968373248,11
Og420Factory,1551971488219418624,11
Premium_Plants,1543265667977465856,11
Catcat669,1420003456757080072,11
SaritpongH,1248430165408927747,11
Catahigh_Bkk,1556351360047906816,11
TheWorldCannab1,1547965095686602752,11
VanWeedsShop,1549847308639997953,11
A_KYPBP,1434759578269335555,11
high_siam,1547600438727688193,10
ton_nipon,1357319896560926724,10
OgThai420,1545092901314519040,10
koweed_club,1547850391689129984,10
mokung1997,1559161279977140225,10
K2031480601,1219638932553506822,10
SpiritsLightZ,1424328411812483078,10
STRR923045911,1539955983723597824,10
420BABYWEED,1539526521547014145,10
THC420_Gang,1556637292315287552,10
bosskms4289,1542968054996692992,10
Tana09974121,1150447889040101378,10
Highrolls420,1544951218451070977,10
420_UBT,1550794229911212032,10
machuri11,1555932659578052608,10
mapiue,1256866024273571840,10
queensmoke_V,4506494833,10
1UVy1zUHzOMh5kc,1556320167554347009,9
pjamasalldatime,1359561216645996545,9
xwnhunhmi1,1528220205369131010,9
kt_shop420,1484599585540816898,9
MRMeeWeed,1541857128889339904,9
Seedtoweed555,1551232751260430341,9
ChomCherita,950946565593612288,9
TheJoe420weed,1548978189241700353,9
Vella910,1528716521614327813,9
nuknuk07132659,1491376470627057664,9
ken_er6n,1267119285689741313,9
0sQ3LTYbG5lZkpW,1369645143905607681,9
deepchewy1,1557958782566924288,9
24cannabxtch,1559783783561248770,9
DlDnwz,1564934977682214912,9
ShoppKuromi,1561939582081413121,8
oilkiq,1522556097306890240,8
smilezonebkk,303199103,8
PichaBravo,1565680037332144128,8
MeDuSaHiCool1,1567140945141059585,8
KKom07007035,1564501729382907904,8
VinM2503,1537134819582562304,8
godgreen89,996282269374431232,8
dsfrfh111,1451279443079557135,8
meenalayna,1311269647161810944,8
Palima009,1535253853855133703,8
MorningNewsTV3,211395583,7
smokewar,1560302451558821888,7
Weed87550283,1553748457541627904,7
WeedDiamond24,1548913908466847745,7
can9025,1393424173611978762,7
organic402,1325256727978147840,7
WhanCtr1,1515625904005062658,7
tingbhumjaithai,1525715908769239040,7
Boonman108,1548553759852482560,7
_daonoii,821656403647614977,7
rarwyng22820010,1554398266258644992,7
KAJEE420,1565021940380991489,7
OGbitch420,1420607537250902018,7
og_freeflow,1559823993359675393,7
Sweetweed168,1555171174480773127,7
WEEDGALAXY69,1528308806173589504,7
flxkeeee,1565679561995456513,7
nath_cakr,1461618467405131779,7
wisut16031586,1565582572620742656,7
ogxslytherin,1408039608579891201,7
og_butcher,1555217092940468225,6
_Greenland7,1546681773269983233,6
kanchachakan,1537410650409869312,6
KayTalay,1549189007052980224,6
Highkush__TH,1436614271144660992,6
dil57705060,1503188381626343431,6
eye_______77,1539983233097809920,6
gU3u67h5sUmipWn,1565009779923099648,6
S01330650,1498670626785091597,6
Mirage_farm,1551854391267053569,6
lucky_ktt,1088321512795365378,6
420greenyard,1559167666644197376,6
phuket_alliance,1544997403693961216,6
Bun1Weed,1529472903217311744,6
DCRK6,1054712845798060032,6
fourtwe39877615,1176101994680872960,6
weed_of_god420,1541792606216019969,6
NoeyThalachanan,802082484431163392,6
HaohighC,1547556470493188099,6
Somsak59798426,1565383228307001344,6
coffin_og01,1059078552795017216,6
RTvV2VYnBiBrwkR,1395727123625648129,6
Spaces42O,1407060455558815745,6
LeftBeh23273982,1477427474464075777,5
PattayaWeeDpill,1536308989595553793,5
MatichonOnline,65314514,5
cannabissssman,1534923300887228416,5
Earth2xHERB,841278979948535809,5
Uniprotra,1511335192589385734,5
thanyasutra,1519885073323261953,5
__02blt,2996483840,5
US998899,1393054610315567104,5
weed_cnx,1538717346788888577,5
wiwilaiwann,1457259546821292036,5
Pond46478,1481259030094172161,5
dkud2211,1420054354854244353,5
ao_carrot,1538259135313358848,5
ChartMonthon,1086979842925449216,5
KanChaPran,1540554559914795009,5
CiggaAfWeed,1535908797117476864,5
KherditY,1510721484012285957,5
catchbong420,884284649563799553,5
MeMrsJones4,1389030344804892675,5
alanbenjamin420,1549771996048674816,5
yWLYkIIIZ8Mesub,1402824681506279426,5
sinaloafarm,1517420233392549888,5
Sweetie_Joint,1542044276200452096,5
srirachaweed,1543146019185012736,5
HanKanSecret,1491589914785640453,5
Hi_Its_Weed,1544309119045120000,5
WyGena,1488610537,5
Boss28667783,1530096873960132608,5
brunei_kittinan,864837543589691394,5
3Plusnews,167306817,5
tobyhappyweeds,1382261989968252928,5
OHO4201,1541409606504972289,5
JohnLem13413841,1561316541572194305,5
johnsonbuds,1566019762513235968,5
Canabis_Grow,1507316399122763778,5
siamhighweed_KK,1566511282320457728,5
Timetoseeweed,1550440332747493376,4
smokeweedinTH,1348143570855763969,4
armupdate,1661479111,4
PvgSun,1546994597930233856,4
thaipost,19141546,4
thaich8news,2532360218,4
ramasoonz,789354509218701312,4
DD_OGSHOP,1383066294585466880,4
Striker5554,1310292702622228480,4
HAPPYVA59,1485454435887497217,4
Thi3NfNJwvsnSXs,933257401012166657,4
77Kaoded_news,1451446138972770307,4
msr_lovecare,1557715380202000386,4
takkatanrainbow,1433734440115572740,4
Human51668839,1170931721312731136,4
F68274933,1546905407439876099,4
Th6Weed,1563508375014346752,4
Foytongrangsit,1546768365766594560,4
Sanook,23032702,4
HigherThailand,1335617998871097344,4
xangkhna_ta,1542704365009375232,4
Drindong420,1199791245050007553,4
DrunkCat420,1565040665850916864,4
ThaiPBS,37950212,4
KK59173048,1406265474074103812,4
siamrath_online,1264480106153558017,4
Rollajoint29,1540295008938369024,4
K1TSU30,264122824,4
ctrls4,1619449062,4
BearWeedCity,1315324255375036422,4
NutchaWeed420,1567211448035848192,4
BabyBlack_3B420,1566323500918669313,4
palm_athiwat,868373671928250369,4
N52299625,1540017260924129280,4
Maylon32486837,1275390102907187200,4
PhrTrr,1566329385741086720,4
pong12345678zx,1544240696994828288,4
PlewSeengern,1360819822976585731,4
visuthiparnich,1544744667375628289,4
PPTVHD36,1877783624,4
hyoooxr,1523961745651372032,4
OGAK26390470,1561039944822714368,4
CNT69Shop_JJ,1376007516061016064,4
ChumniBank,1361923282404921348,4
Bassscnx,1424432765701746691,4
PuffPuffPxss,1542132452923445248,4
o_bboybaby,1564242077369925632,4
WeedKrub,1546405462152978432,4
tylee_1001,1030793001079996417,4
NutSwagGx,1269816275687010305,4
NMaprai,1480325553076854786,4
Popoygot,2669506495,4
CNX1741,1559827856305180672,4
soobgreen,1565338955037708290,4
littlt_,1953555048,3
YPumsutas,989360962418307072,3
meowhaerin_jk97,1541091481946951680,3
MobileArmy2,1566195969510674432,3
MntKxn,1457718559631568896,3
SanupongR,1466897961321787394,3
XxnYim,1450073522835914752,3
N13058438,1549167491452370944,3
WillChi05900866,1564510294168129537,3
OG_Thailand1,1487432876375228424,3
SoilFertilizer,81783530,3
THE_MOON_420,1232678741211373570,3
NuiPavi,1462642874567168004,3
Su94713777,1342789490952134657,3
GrolandSammy,1531633081379356672,3
otto19n,1434650431888629770,3
Whowantsomewee1,1564476963137650688,3
SoClaimon,69178458,3
patchajaijam,940574784277979136,3
mrcanna65877141,1558666156881641473,3
smashingjing,1403946131143290880,3
Hahaha76375081,1114844375668875264,3
shutup2557,583857653,3
WangmanowOg,1566205717433835520,3
ogdeep000,1474064704544788504,3
Mintty0561,1204022878825369600,3
ThaiPBSNews,2294029646,3
0110xoxo1,1137410343490076672,3
jk_beginj,984780704922845184,3
KaewmaneeKiti,1087586977463951360,3
Kan10016,1561579458749902848,3
prachachat,65350312,3
KaraTao7,1315943328970469376,3
KayKhux,1564572316084088833,3
prasittikhatkij,1372425214412263430,3
Lemonade_CNB,1550698371618222081,3
kestrbnswn11,1565486233064976384,3
nipad3,1097177131,3
air_won,1090571855205785601,3
Popo15815339,1250944572118556674,3
kaychaseri924,1563189748524806147,3
PxZadart,1401794042199908352,3
PrimroseEnis,1351220326722662400,3
natthakit420,1198031376190062592,3
qdfedfggfghh,1563235457160609793,3
punyopuntheplug,1554413311051321344,3
nomi_nee,14919666,3
MKyummy,945994243700428800,3
k_witchaya,1028221171215396864,3
nuad234,1455240979632377857,3
OgRangsit,1560966346694742016,3
WANGNANA2310,2912829652,3
qCjcnZIOC1URtx8,1541835592526602241,3
OneNightStoned,1564506774572781568,3
Thairath_Sport,86900112,3
b_og420,1553589826515238912,3
SWShigh,1545248856379904002,3
Patsakron20,1168003390581788672,3
Thebazt1997,1542539514802974720,3
mydearda,387018077,3
SKZsts,1030364095902449664,3
Unitasop,1487146347740676097,3
Mamaapo1Apo,1555292061267804160,3
naewna_news,925206827930763264,3
plawarn84658476,1561674310389215232,3
researchmrx,2256664812,3
Goodh1gh420,1566433153816084480,3
zxKUChSIPjCJpow,1406671025522151425,3
clit631,405968264,3
gtshop420,1551484070156451840,3
AliceTotile,1549674860934500352,3
cannabisshop999,1558300651968675840,3
CooperHempFarm,1536261602714210304,3
freacherjr,1371811543210356737,3
tktuy42,1426180037863100423,3
v67TUxV9D1Vm3rT,1538570852005908480,3
BUKGREEN420,1562175927718531072,3
French_Moneyy,1271868362612604928,3
havecannabis,1536988517925986304,3
v2_air,1292088823787085830,3
Easy42763027,1498758477225037824,3
420E_san,1559063583178125315,3
CannabisThc65,1538193224808173569,3
sungreen389,1564884002317963264,3
CannabizWay,1548211681511473152,3
BSickboyz,1557740292207702016,3
in4months,818111285699088384,3
Bangkok2557,65493888,3
f5551748,1003894378354520064,3
green991_,851283187867066372,3
bxm_ketu,1563270446216544260,3
weedcity456,1315325709376610305,3
gunzjahphayao,1420426494,3
DRAGONG22212188,1564961704932671488,3
cookie_vault,1540679455630192640,3
thisisnuner,1417488346109128718,3
yimtrw,3236472548,3
ittsweed,1477869860696723457,3
eieihh,933246493795917824,3
weedcalifonia,797287807764996096,3
dailycryptoO,1460105082750390278,3
tesboo_,2580016724,3
BloodBoyBaby,1537855775816941568,3
GOODHIGH_V1,1566827618426507264,3
RAWTH5,1546471919121481733,2
kimjundream,1253282062443765762,2
Rcashaa,973160943864528896,2
nasi_koa,1546838274978619393,2
TigerHigher,1534669669113552896,2
TidaPatty,1537325709538246656,2
iaieaie,710187061,2
masa83423579,1555242176388296704,2
RJSJJVJ06139,1543276519954427905,2
ketpleephanida2,1526516154126041089,2
namtanpakk,979765493392334848,2
Chidcha14677804,1126882482282909696,2
Rakth1Raktham,1478322960834318339,2
winterthepuppy,298632377,2
torphun0223,1164746398161461250,2
nangphya6,1554679725947506688,2
LittleLekNoi,3051544700,2
ppjaemmyno,1013132395040477184,2
winstonpremieum,1482266918459707392,2
ROBINHXXD1,1562028143895990272,2
highcafe420,1555516198565335040,2
go3dsxdy,1496316441615765509,2
devilcannabis,1364477582209474563,2
AIhappymarvin,1165597209506631680,2
eim,14522599,2
rabaai,960645056,2
kapookdotcom,14301366,2
KkcWeed,1563121897029914625,2
KlermRayong,1557673260644704256,2
qweiitr,1559433440784953345,2
thairnee,1268796588,2
ACORNonTop,1523615623900987392,2
DailynewsTwit,145931392,2
iceesy_totty,4697382612,2
Beonmile,1306500973347524608,2
Kosol24907413,1318546561924825095,2
KouUniop,1552231400245702663,2
ConanKid0701,815695417992065024,2
treutel30,1528930257302069251,2
ANAGRY21,327864516,2
prxvxtesy,1417548829465874432,2
CnxMajestyzone,1550290577945919488,2
kbaoieo,1396064375136395264,2
Theeweed1,1415709530827096066,2
KymooPik,2793941774,2
keerati3210,1384100936696557573,2
notmerryjune,1479509412108664835,2
adoremin,3275512801,2
LadyBuds5,1558643520130322434,2
Percian58,1515321545807527939,2
trustiie,195779884,2
LeafPlanet420,1560496318392729601,2
thetukk12,139996223,2
wutphat0,1537317602732945408,2
Whowantsomewee2,1567388220392079360,2
dontwantu2follo,740219111385366528,2
domiezret,1299929582,2
weedy_official,1490273913930416130,2
news1005fm,65319043,2
MisterBlessMe,2162571606,2
kun_koratbar,1466319086669811716,2
Misneachaill,1533627115622387712,2
ZC8EbZI8zsdKnGQ,1117415753613897729,2
Modvc,392078635,2
phanuph57089903,1555964254096084992,2
Mildmar254108,1487546901360566272,2
Toppark_3,1317698408476336133,2
tk17hh,1519384554548899840,2
Areaflower_,1493249898631680002,2
krapalm,47351002,2
CNT69Shop,1536378558754353153,2
civil_iii,1310071004283109383,2
natlamborghini1,3244788507,2
YNAChangkanna,1565847003476955136,2
XinSyam,1475869687682461699,2
BungB_Store,1566391965721448449,2
CANNABIShouse88,1552092874749005824,2
Apiwat57130432,1484855696361652228,2
greenherbdevil,1562457603028185089,2
UChaChuanChil,794788291,2
Angieweeds,2489362860,2
madmax68176958,1073602689286766592,2
MrWeed53869873,1536543914228056064,2
penamoon,903816294167789568,2
lalajk_127,1445959986207551489,2
MrG82063196,1418155498650615808,2
Ploys_ployy,1555099679926263808,2
TuaMaple,1137250573307195392,2
panisapoorman,724520151631065088,2
phisate3,1505437820030447617,2
Toneshisha,790472274298019840,2
kmono423,1564698075729657856,2
Malangmoom_,1001601268639416320,2
Makin80135487,1158579223268745221,2
__TRTDI,1351547825398583302,2
Pundee_Punsuck,936552030226718720,2
Ch7HDNews,2436789440,2
Tippie61680054,1558525784029294597,2
ChampSJoker,1410293724542902275,2
_GreenWorld420_,1487367851132743680,2
UggXhg,1425838983053856771,2
Kik69170213,1309814194464841728,2
plychang,1527163433397125121,2
pna99301362,1146662646571139072,2
kk_beler,738027978907516928,2
kittisakdiwngk3,1511997777022439428,2
thongdaengSuriy,2529698904,2
green_shop11,1566376256203259904,2
MaoAllday042,1555481779657936899,2
MaoGunja,1285077669554470912,2
whanajaa,1312787869522485248,2
Catfly420,1559495027734171648,2
MasterT_Grower,1520375458386550789,2
Nathanial857,1554745266267357184,2
huntmangrower_,1501377903472250880,2
Matpwr,1468426842130776067,2
Canshare420,1546159754329829376,2
Mayura21360118,1136483958688866304,2
green_sticky_fr,1500015732305793024,2
thxgodblue,1109509459972243456,2
Phatiphon83,1535250146274947072,2
greencrack40,1565336169113538563,2
grower_kk,1513361641777528832,2
mayuruha,98123539,2
NRakvong,1442169838344933378,2
gts_spma,3095001512,2
TWEED420T,1543937821060132868,2
1_tahm,3286449990,2
FangFyFy,1298677567,2
Human0014,625191173,2
sur4kvrn420,1559775008050020352,2
yourmakuay,3516006258,2
Srnkancha,1564528298449072129,2
PSopawatt,1136341097691541504,2
176cannabis,1332209372915646466,2
St_Ap_ba,884441630131879936,2
jikchoyu,1536678097646678016,2
HighQ_Weed,1493900231192170497,2
mojiiiiko,1422523953474535424,2
studio2702,310069117,2
beebie7442,1432746733818179586,2
Hurts09198920,1561320956278505472,2
ID_0615348254,1434632047172018177,2
jitsanec11381,907097675144732672,2
WEED_OG_,1546179942257688577,2
shykancha,1564923054446166016,2
PT31108530,1559753500753825792,2
Octopussy5678,1508676504389304323,2
IRh1aImid0C3HkQ,1187604926181937152,2
sweeddy4,1562096280314163200,2
Soda61427894,1364953650225889286,2
shishilex,1425719303953813504,2
farmcafehom,1492901709911236610,2
jjjyam,718637449925173248,2
TanWi69,1331242012432011265,2
Inarmtattoo,1535384656602107906,2
26_tula,1555881184173133824,2
amilykatze,1040268361018429440,2
Stockhome420420,1354710530871726081,2
nyuphchykwpras1,1566030928262025216,2
nualis1stisnual,187581020,2
Greenbank420,1547138159909437440,2
GKiiiroji,1341430412573196289,2
yuupax,404706266,2
Overdose_THC,1556541386157043713,2
boommari,298382351,2
0voiydm6d8o,1558191107376578560,2
0sagiine,1339738145982619648,2
flummox_weed,1477931239113777155,2
HardCoreMody,267824562,2
SwingWngs,1565010791526731776,2
gusstation,1272649254,2
VoJsQE5LQiEo46g,1220874200212131840,2
bobbgirl_,1552521047273979904,2
zGN89080242,1072357048476565504,2
TEE5_420,1539565989985398784,2
GunjaCNX,1566768846265929728,2
mmmaow02,872611197568274432,2
nxchxneww,1330550192735612928,2
GING1095,952409653186412544,2
Oppsutr,271979531,2
yuttasack,2988731651,2
Superrhigh420,1566840421300715520,2
HPW4200,1497914413147631616,2
GCC_1111,125902776,2
moWeed420,1240440866717626368,2
HahiXea,1552636164691345408,2
B109283361,1563827188356763648,2
SukArrom_OGShop,1543255523910246402,2
SuchaSilp,1523859209745354752,2
PRD6songkhla,1398113920905187328,2
TTPs13459658,1282846391933386752,2
Happygan1G,1564270522027847681,2
lovelyyou222,1450138533818032129,2
serigunter,1543948874163056640,2
420budsplug,1563080617335480320,2
Nougatcandyy,202727331,2
mu9597,1448907055587201029,2
BangkokInsight,971247864482598912,2
OG232659028,1551799370588504064,2
420_bigpumpkin,1508815831115141120,2
jn1984_anti112,780443927673352192,2
PatCannabisx,1566677059224862720,2
O7mzwcqg7gTrP3B,1337793302167339010,2
NxngCinda,1550355232693317632,2
iloveyoumummmm,1522964844399542282,2
helloitsmeqqqq,952835022435708928,2
Kbz6456,727473612,2
teera_2011,267672477,2
TheBun_weed,1555131176062369793,2
muxu96_,326195581,2
tandtandsiri,1114772429283385344,2
d_arknn,840045065468690432,2
420thailandbkk,1257973823825035264,2
u3lXfcoKsRDwROS,1321114026655399937,2
WeedCity56,1565587576156655616,2
ergosum75005,938090728588156928,2
Thairath_TV,2315010763,2
heyyyxduuude,1558397871908462593,2
NuniezJJ,444559415,2
iibibinn,1458353065061339136,2
realmmmie,1460649414742081545,2
ep_bew,1181008723663151105,2
Nu_Dee_88,1402612252599980041,2
Kanengcannabis,1369159907929321474,2
8deeznuts69,1525236303599546368,2
Joker4296180404,1539445654623514624,2
ErngAlisa,1562981906295435264,2
PartyPrachachat,1481579474194153476,2
johnz4456,1318626353785102336,2
TarotYouuuu,1243580273889095681,2
Skewcourt2499,815050297177313280,2
harujang_98,1078966602794594306,2
OHTASAWANG,1337667726148395008,2
JAVAKULM,1218400994251304966,2
voci_dol,1562336574934724609,2
swmnsn,1233070508091961344,2
sayloserme,1432232896325033985,2
b_orthai,1085205358178496512,2
J_a_r_e_d28,1225064753107628032,2
mynatasha007,3018190659,2
ExoticFlowers9,1557502049041862657,2
syderbay_,141275696,2
b_B1B2B3,1542865891,2
JohnDorson5,1512359006295461894,2
tentodacheese,1551514004870160384,2
PanBiBi_,1526553412715831298,2
saleigbykrit,1334172783744491520,2
PiyNab,1455495058245914629,2
tenchan1001___,2370505758,2
SeoSeonMul,827205449334218752,2
ruruchan_ssu,2315879888,2
JheanJha,1217438763552362497,2
mthai,9594042,2
run817,154119555,2
Seenny_world,1497983133832003584,2
Pattz_P,214807897,2
lushihoshi,1527201375264083968,1
lucilier,95166271,1
lukchup_chup,2500378123,1
guncha23019389,1555535958434410498,1
losemyfatt,1313132433206906882,1
greenv2_420,1504337224221229061,1
lung_jom,75710443,1
growgreenshop,1559535017428385793,1
luckymanwin,1444338700796653574,1
gunchajr,1148381215,1
gusinara10,4049347830,1
lukmoo_ntk,71993174,1
lovesmok420,779957710582231040,1
lostinsep_,965899491890012161,1
ittus_,862909240297496577,1
mayhnamx1,1498634918921846786,1
luvemy_ynn,1529742024471379969,1
mickeynuttt,65651453,1
mheehenmai,1494604002658766852,1
mexmyjn,610046844,1
methawee95,1237190402001612801,1
meso_jay,315030493,1
fullsunshy_,1005268576201203712,1
fulltimehotgirl,1336597807663181825,1
meowtorchef,68954240,1
g1210o,844771759538655232,1
g_yoshimyboo,1461222973122445312,1
galaxy_xoxol,904646425413165058,1
meowmoomi,1416001571553366022,1
gata22849339,1386054081756549123,1
gatom_M,1445567923674763265,1
meowdemy_ruby,1523313813403353089,1
meormeoriam,1218420903333117952,1
getsetgo02,784054765877534720,1
gggggorguy,63756487,1
michphu1,1567087908263456768,1
miinkmiinkk,164995026,1
lyim_og,1349979067836076033,1
fudongxn,905077568746905601,1
miomoney,922508321554276352,1
mintz3r,126938529,1
minsins_,1374137509,1
minieyes,294616012,1
mini_space_702,1094944475632197632,1
flymetothemooo2,1417902269530480641,1
mini_minimum,73597235,1
fmjrkarinax,1563455995090997248,1
formylittlef0x,948836067376971776,1
mindandwisdom,809739160038715393,1
foundedok,1408715858461880321,1
franksxhanni,1349554556015767552,1
min_fernny,753438272718712832,1
milktea_lys,1458612310902128645,1
fronkkerone,1513125387001217028,1
mileapoIS_REAL,1553041480536956928,1
mildnut_t,1153622821576167424,1
memorieshappie,1097363817908948992,1
gggorn,86515201,1
ggh0stmaster,1402728068649689088,1
melomeowx,1505183055534690304,1
gotoranpaddduen,1268160110397755392,1
marissa3319,1562068062136057856,1
graphicmaniaaa,1218168619013509120,1
gravedehyphen,1419534765745524736,1
manoodkwan,1412477887744073730,1
maneewan,20978199,1
mamiwx_,843722979498311680,1
mamello_jihoon,1274195834591039488,1
malosmos,776031067,1
malky313,140862297,1
maktoeysport,1564435865933594624,1
greenforever18,1391399913087377414,1
magicunicat27,1534556904629841921,1
madefr0mhell,1487089180320870405,1
greenmaxgun,1536539968646291456,1
m_pranx,1347415865671647233,1
m_monnnnn,1251022155594121216,1
markleehadiex,1512435841540722695,1
markstunner420,1563074429080719367,1
marychrismak,1516014381288484864,1
mcinemusic,2478098012,1
ggi005,870929368284934144,1
ghOftha,1561325494507040768,1
gho8tly,1418580360066072576,1
giftjilove,942046979214909440,1
girlhave2bag,1561250623894331392,1
meaq14,1404700953400410117,1
meandmyclose,1497752296532615170,1
gizzlyme,740237193789087744,1
goodbyebabyboy,1109861231525912576,1
mayturtle1992,152212479,1
glucose_girl,1948994629,1
maynotday,958381094688112640,1
glwlrmaa,985178849854947328,1
guy_skymile,967057703955611648,1
may_y_nice,950288342192594944,1
mashita_p,812501839782416384,1
lookyeebubu,1399817018015055875,1
lalxlit,1469587322509271046,1
hallJarinya,126211283,1
ijoieu,1233057735408635905,1
k_md1011,1216743415020310529,1
k75526,1472823526868410371,1
imamonalisagirl,1080092139822796801,1
jzinmloi,1558031791260180480,1
jyxqz,1509549894113296386,1
imeanmean,264632185,1
jydbk,1516765493402963975,1
jxx_k10,1087599129037926400,1
imjuvinile,1374195210796765185,1
justyourm3ow,837934578245345280,1
jungminna_,1500487801938509834,1
juneSP14,901994363525332993,1
indeedmean,1008877004,1
juha_du,1493919088497754116,1
jugudlian,1309967018418819072,1
judear2829,1055468167391174657,1
jsfx891hi1t2q,1112499378101452800,1
jryx02_,2481780344,1
jromyuhd,1110159124132593665,1
jokercanabis100,1149830715330027520,1
johny_myi,1065202991030915072,1
johanss45409651,1295879410206351360,1
joey129061,1560822628662722561,1
k_wiratch,1465690196205195273,1
kabowkunsidesu,1535233479046492160,1
looktarniiz_ch,772419514545778688,1
iipeachayah,1125241516761305089,1
icass05,518225445,1
kasintorn,63132914,1
karasumugi_ko,2525231863,1
ichheissepw,4709328914,1
kaohoon,149817617,1
kanomkanompung,1507403404825755648,1
kanok0808,1416391891843641348,1
ideakibkib,1549719499867246592,1
ifhy94,1043415582350045184,1
kanchasakon,1530192608383094785,1
iheartharibo,1388388132807086081,1
kan960417,3234981456,1
kampe_,910767566,1
ihyrznq,1499981925205024768,1
kamaz_2020,1002084139040882688,1
kalvsmeeeeeu,1218545610380328961,1
kaliofasgard,1066868292982235138,1
kalasinnews,95912818,1
iiamwhatiammm,1856402244,1
kaidaw56066515,1692742448,1
iidoyoungu,1274167436225376261,1
kai98530983,1400736703485136896,1
kaerubae,1098424304960598017,1
jo_me4,2257734775,1
jnpsy903_,4292520318,1
jnggles185,947039450143498241,1
ingdinZ,732191702316814336,1
jennijaylee,1430458574124191749,1
jelong22581922,1539266520664412161,1
isabella_nut,1012644044835450881,1
isanlive,64097023,1
jelibun,1334802951831896065,1
jelejello,320764163,1
isara_deekrun,1563882492121485312,1
jedinodted,1205147628134027264,1
jeboniey,1550149501649727488,1
jcctlxart,1520248104670294017,1
isawagarara,1447224719539724293,1
isranews_agency,361098756,1
januaryy__,545143970,1
januac2,3235109436,1
its11O4x,531881953,1
itscottxnl,1043828676129738752,1
itsgiftgift,732978313,1
itskarmaitscool,1514595782351265795,1
jampazza,845999983576805376,1
jamingjuice,1533442922581897217,1
iyumekou,1261430408798859265,1
iwhiskychu_,983379421678596096,1
itspamxz,828176975906824193,1
jentuan96,3103066116,1
jettana_mtnu,1383752724924145668,1
jieunkikkik,4876019569,1
jjaxxxe,4634476015,1
jnc_journalist,1133593810565419008,1
inlovegusu,2849689074,1
jjubjib02,1199455815167397888,1
jjraenn,139122679,1
jjookklong3,1300636290677788673,1
jjjjj0j0,1528042541748469761,1
jjiinnyy7,900255408199049217,1
jjh_blue97,914844713890410501,1
jjbkl5,1316283738272137218,1
intoCHIboy,1200421815291482113,1
inzqxm_,243557930,1
jikchow_kormadi,782591966424936448,1
inzxxe,2701043286,1
io00319617,1486347613444374533,1
jitichai,86968183,1
jingjuyoen,1388442322421964802,1
jimjmjk_sg,1206946620958478337,1
ipark_sw,222495872,1
ipatto,65581828,1
ireadthisfic,1226522070030245889,1
ireallydontmild,2352808080,1
irispt21,1349983867680145410,1
katidena,1566488032152236033,1
ibecnq,266538805,1
ibearryov,964712936282324997,1
kunlong1999,1436949759529422848,1
lily10tober,1116754669177454593,1
lilxxnt,1413316683851210759,1
liltigerch,1187718065942716418,1
highmore123,1179883618790850560,1
lilpeep0074,1232025868131848193,1
lilbornB420,1504387348871921669,1
li0_on,1416932472877588485,1
lerbchubabie,1405203075564859393,1
leminteu,1261156554738294784,1
highorganic,1481911083736907780,1
lekkekp,1298178498855657472,1
highspacestore,1539656638906281984,1
leIeI_S,1687026408,1
ldGOeEyOPUWqRBR,1387831819857403905,1
lathi1326,1271319600991309824,1
hippypeaches,2837092879,1
hisoching,1347196011563741186,1
lalinda_ll,1492516539429388293,1
lalamaboo,4681191818,1
hjjkgnd,1444566558139813888,1
kyungsoo9member,795110564578017280,1
hlxd_nay,1499876235307933696,1
kwwronmr,334644636,1
linlalynn,1319475140028104704,1
lipsmonle,166471752,1
liritsuki,1333312046528565249,1
hdywyc,1486696941895372800,1
looktan1583,1407548382533488642,1
hanjing2526,2684826829,1
happyhigh_herbs,1450201521279307777,1
hara_kase,1378864206930317316,1
loneliness208,529192121,1
lolitascak3,353781773,1
lllllxlllxlllll,3237674928,1
livesrchaos,980978595077107717,1
harrypory,1860164132,1
haveacute09,1564560767491645440,1
littleponyyyyya,1061966630018662401,1
lisvenom,1211770076614938624,1
head_jockaa,86678363,1
headbanger86,69005944,1
helloitsf_,1411317144910848000,1
littlepartyyy,1456183173985955842,1
littlememj,869817020853792769,1
hellosidney13,2281445832,1
hermm1445,2280912361,1
hheymint,170218559,1
hi9k8oct4MKxuRr,1415910819431288832,1
liswagon,786809876286627840,1
kw_shk,1071092101,1
hmajubb,1470996154162683914,1
iamthefirsx,807544977249226752,1
homohm_,2785935510,1
i_poi,332561316,1
kittiphitz,99441090,1
kimtensoo,3114365696,1
kimmiyayeah,1426100047771435013,1
kimbap_01s,1048756666756292609,1
kim_pirimiri,1060817261961740289,1
kikyjubjub,1468458816912060416,1
kikkoythekoy,516774915,1
kidiichii,3237669635,1
khxnrxm,1553089416792403968,1
khowzfang,183603441,1
khem_2004,717682621539442688,1
kfangkyungsoo,2519898950,1
keytawan25,804663562585010177,1
iamasiam14,2896778448,1
iambayyy,2256435096,1
iambolona,2678898229,1
iamnattypyc,1271708959,1
iamoui,37614559,1
kelrier,1559322911223476224,1
keid_hed,1563880103855026176,1
keeteenkeeklad,1464958955415748610,1
kch03484548,1562731378499670022,1
iXXlR0BlYp8jo9o,1314169555392978949,1
iMoku24,1273107070020202502,1
i5tay,1958964890,1
kouheilovebp,1472580339411275777,1
kunlanat_pkp,2383971091,1
kungcatdog,1502581992365314048,1
houseofCNB,1559747799511494656,1
howcuteaff,1394984444482580483,1
kuju_25,4651833560,1
krismela02,1333062394310868993,1
kratin_99,2575208052,1
koweed_credit,1545988904775725056,1
howithnoe,1168998662,1
htf_happiness,866439140035878914,1
huang_huixian,1432229607684538369,1
kkkhawji,1486287479200432135,1
korsbed,1371391442753449994,1
kornzero9,78574251,1
koonyingcupcake,1448526070609702917,1
kookkook_pepo,1244136480915636224,1
konohiroi420,1231818656104869889,1
kohsija,5202411,1
kob4417,2498037522,1
knockknockgap,2333264977,1
i3nana,277614191,1
kkkk234566,1515567448120246274,1
miss_kimpetit,882607838228381697,1
obabaseds,1522361563788701698,1
mixeyexocute,1260198616737570826,1
strawberrylab_,3151576387,1
sweedguy420,1186006615343812608,1
sweedchinz,1551936977448345601,1
sutus_w,2299584456,1
suscp8,859465531627151360,1
surangrada,3308664684,1
suph_choti,1464813972796985350,1
supersuhnic,1225691123244400642,1
supawittre,972753418136698882,1
sungeun_seo,1478901581651210242,1
sunfnxx,1350807382213881857,1
sunday1700,1479628277320847362,1
stupefy_Malfoy,87418197,1
stringerrama8,1565763562630365184,1
stpaccos,2346279451,1
someone33660903,1470291845880057856,1
sthstupidmn,4852218226,1
stephinoey,1317773494390697989,1
starbudsbkk,1563624897737555968,1
ss_JnS,917975317393928193,1
ssMtON9BN74BPht,1441388815361339395,1
srichantip,1566284209123397632,1
sps_ym,918052133097783296,1
spocktr,1364104755946000385,1
spchax,2159932046,1
spcbykjb,842739907021828096,1
space4029,1513453788736106496,1
sooyaaa__pt,1219525678585901056,1
soosoo121231212,767226056210120704,1
swittwinbay,1487889981477580802,1
t0mGCS3idMrq4Vw,1239783363403108352,1
tQm3Xm4x6UwVdCj,1443773952371740677,1
t_ky_T_T,1105148498633121799,1
thepaleblood,3182699407,1
theninetynine9,1550804036521455616,1
thenightmoon___,1095243851424399365,1
thematterco,730332919516958721,1
thegalaxy_j,1551160853096853505,1
theboy_garden,1484792025417678849,1
thebabysky228,992594646,1
the_Coven_666,1551206280504942594,1
thePandazillaa,882183691362906112,1
the8norher,1258004494849171457,1
thatmykittenp,906203126,1
thaitvnews,110596487,1
thaigoldern,1520505796341035010,1
terdtakwong,3157070562,1
tenekonyan,965601997444427776,1
tea_wkr,1498159620526772228,1
tarsaltqw,923926955401011200,1
taohuyiiiii,769926052126654465,1
tanyah2465,1385143465638469632,1
tanuulookma,1330726322172170241,1
tangtung18,1113593244317696001,1
tangiebabybear,247205061,1
tang_prd,924148495375777792,1
taetae_cx,1494189936949723140,1
taesicabd,1476635620957057047,1
taddao26892422,1212602809096392710,1
tach_kh,1550671822215352320,1
somethingcmn,713031453445980160,1
somdetz2537,1464416024061779970,1
thestandardth,834243316233351169,1
sapung3,1399434845420343297,1
sentkcc120,1536645428305068033,1
selling_weed,1554469254992637954,1
seikox28,1517137216262135811,1
seesu3,1060476771181649920,1
seemogang_,1195534212410904577,1
secrets69180607,1524825177883742208,1
sb28171,1083277356209336320,1
saymommyjnk,1076820086617329665,1
saycheesechilly,1386010903364063236,1
satvasii,914074254013980672,1
satoshi_thai1,1382606640323567619,1
satiweedclub,1536448156413534208,1
saraitodkrob,1535993428328128512,1
sanisaananya,1287042483977822209,1
sn_inmymind,875384666,1
samgeeb,1380389285577154565,1
sahaburapa,165003895,1
saelim_phuchit,1539748577567580160,1
runner_rainbow,1233263960788369408,1
rujirawiroj,4307039592,1
rtuba64,1441745979481358336,1
rremrinn,1185563454242877441,1
rraetys,723459599982940160,1
roxcigz,1465042992436187136,1
roseseonyukimin,1447869367710978050,1
rootslegalize,1475291007025442816,1
romarinethym,1524871158776340480,1
rmoekyun,1507180689544052737,1
sepforth,1286721620418019328,1
sept72118405,1565711511800401921,1
sfwbbenz,3013519176,1
shalalalalagirl,1707217986,1
smokingv_,1291963567218950146,1
smokdark42Oo,1542533463571853312,1
sminzindaeyo,2659276369,1
smilekwsr,876763587208806400,1
smile_cannabis,1549256114629292032,1
smerpak_seripap,210820015,1
smarch20,3314808673,1
slothrunn,1973536436,1
slippingaways_,1468280218196398085,1
slim46482906,1210781622074654721,1
slamboto_v2,1506300482192809984,1
skysofar,3185333508,1
sk8therboi,1112692148510441472,1
siwa6682,1473076968585236481,1
sitdh,13375022,1
sirwichbwlei1,1566449843912187905,1
sirnoom,254078413,1
sikhorn,80628081,1
sietfos,1385501416840519680,1
siam_high_weed,1545011902941503488,1
shysyk1,1566493132102938624,1
shucawaii,1344483302887964672,1
shrxxmies,1526991616153489408,1
shoilym_,132943763,1
shitsnp,845630360201285632,1
shinraijinz,770494859585134592,1
sharlisaaa,203443443,1
thepeople_co,1047060569273118720,1
thetc17,1317300090223038464,1
rikakumphol,1245973974393049088,1
wingkrit,1095347772465631233,1
wy33062664,1564555606706380802,1
wwww_86,1287365130141851648,1
ww_anak,1455480368262385664,1
wuwentaoo,1256156099859722247,1
wudthwisarn,2515340564,1
wraithwhitevoid,1056100431439441921,1
wqnkr,1405702058154418177,1
workhardss,1225130498470506496,1
worasitchaochep,923862633396125696,1
wonschaf,349564265,1
woetomee,4733217962,1
witaya03883793,1566314942541705217,1
winnytheshuu,1526678723889508354,1
wine_wind28,1164063403565965312,1
waningcrescentv,3176654486,1
whyiamfly,2168335226,1
whowantsomeweed,1563763810582020096,1
whistlemercy,925037861858000898,1
wh4tymatter,1565399341405446144,1
wenzde_,1610831383,1
wegoneintheend,1501918590882414595,1
weeeeePP6D,1393788854168002563,1
weeder1988,1548943726893883392,1
webballstep12,1554807255530614784,1
we1r9,1208001585776717826,1
wawawa_wow9999,1563845264699719681,1
waterbeebeebee,934645506281578497,1
wanwa95,1491141676492275715,1
xabudab20515113,1540162314862596097,1
xiaoxiaobabuild,1517956137521344512,1
xmBSQnKu89zXaOV,1442040554716495873,1
xnuraks_raks,1501345839335108618,1
yuyjungxRJ,1311620046364405760,1
yuw2559,795910993935155200,1
yunocrispypork,951378352488595456,1
yulyunieiei,939113378458435584,1
youyou_1004,1652210646,1
yourmorningjs13,1068110968306028544,1
yourminennn,1464518696345477123,1
youngweed4two0,1202641183798751232,1
youngboywin1,1551405383347974144,1
youmy_0711,1308710117244727296,1
yokiyovy,154491595,1
yodyedddddddd,1473627059687542784,1
yet_heestd,1389664841674096643,1
yes_i_am_reform,2422675082,1
yeongwon_JNP,1564491898626011136,1
yeeha2030,1010503751218520071,1
yedgun420,1163155129819774976,1
yamyummy,100221994,1
yakinikulovers_,3432155179,1
yahyaxongge,1249908504413868033,1
xz1005wz1122,1292600720307322880,1
xykrhthk1,1566338166713245696,1
xx26junexx,2367155858,1
xsito1,1285135316349644800,1
xphiwathnrxdkh1,1542660621228838912,1
xostep801me,2439034674,1
xokjybs,122037698,1
wannggjinn852,4351323434,1
wangdidi1998,1490849549987893248,1
thirdofaugustt,1469969149598130180,1
tobepharm,807200567890092033,1
ttennypplxss10_,3238450225,1
tt_ngbt,1516399432249778178,1
tsuyuxwarehouse,1463219242250096640,1
trippin_xca,1541271494772199424,1
treeserver,64126782,1
topmeuu,1532995047683022850,1
toooooooothache,703457838350204929,1
tonxxxn,1261866757570125825,1
tononphukbung,1043858742670815233,1
tongtar888,1550376369263038465,1
tomz_tk,1960881306,1
tomoyamomo,202140077,1
tommydenver1707,1712254074,1
tnpxxq,1166370711230767105,1
wananichcha,744212796099813376,1
tnklsw,1344301386,1
tn_kai,3162699888,1
tmz126227,927720840975630336,1
tlosorock,1564243338563559429,1
tinytoeyy,204229579,1
tinxy270391001,1555093368891670528,1
timemie1324,1550526326410424327,1
thxintoxicated,1343738689717846016,1
threestarman,958355935457497093,1
thongsa71637431,1397535989724155908,1
thisiswunwan,2365581612,1
thisissinee,1659155574,1
this_apple528Hz,1418613322266546176,1
tthldfev,856549812572794880,1
tthyddd,1567830643,1
ttipfi,1094027033749798912,1
ttjustforluck,98112901,1
wafu_daisuki,1363976004,1
w_yibokekeaiai,1157671008444096512,1
wZ1swOX2UaiNEeb,1425281670190571525,1
vvin_w,1132899563730219009,1
vopezc,1552325558100316161,1
vk124421,1486913862633144321,1
vihoknews,214432577,1
variancexhere,1355526771559473156,1
vapemedscat,1386727168227434506,1
vantaonthedeck,1435873331010441216,1
valtavarosen,1445794609569812482,1
vachaiyong,1522298097543512066,1
v3WOV0ActLcnRWZ,1425704444663009289,1
uyu_minji,2174133708,1
usernameiswtf,873720800884305921,1
urdearestgirl,1439863168151416838,1
uptomejaaa,968185108933967872,1
updatefarmnews,1269802118686236673,1
untitledfial_01,721670143172956161,1
unnamedgirls,1272582698,1
unluckygirlmemo,1240695384021721089,1
unffcy,2481029791,1
ufo4200x,1518688267348377600,1
ucaluki,1366458031400046592,1
tw0day,1386028285713285122,1
tuckke_tuckke,1241556597685366786,1
ttnngx,411495431,1
rinomaz_,3024040423,1
richghost478,1498642466274439169,1
mixsportnews,1446109032356278286,1
newsplusTH,99864807,1
nongjaireal,1157947344169472003,1
nong_god,327706516,1
noinair_,932479483612770304,1
noeymiemint,1434540807113961474,1
nochugarune,1409954546885955589,1
no_title_n,738790480100491264,1
nnthwathnphyak1,1549431489066020864,1
nnthotnews,226814537,1
nnan_tc,601894514,1
ningrai,1510281186,1
nineteensup,1564543480818728960,1
niceclub_film,291468449,1
newtv_18,2226851126,1
newmalakai,1495086247823683585,1
napaporn1565,870145424077635584,1
nevermoreXlll,1438993565774860288,1
neunnjaIpRid8Ui,1420600232815955971,1
nesta_arty,857300165392121856,1
nenerty,835318063687880705,1
neneneneneneon_,173248515,1
nefj94,1574307644,1
ncrqs,1237050716033675264,1
ncrb7462,1149549003786166272,1
nbac,29918797,1
nawnewhoon,1376660919263010816,1
natthida2222,1454274844325863424,1
natt_createteam,884977376995794944,1
narmmann,837714595724697600,1
nongnong2213,1534414353541128192,1
nongoven20,1557558615824748544,1
nongtenonlyone,1492890554157645824,1
noonee1046,838044316777918469,1
ohrliz94,768408619851190273,1
ogweedveew,1566796466370203649,1
ogcannabis2895,1536361392193671168,1
og_bomba,1556143532213420035,1
oeTheHooman1,71064121,1
odorofsadness,2996124434,1
flower_area1,1545999796669796352,1
oasinus,97379164,1
oOgf77RY82MzIU5,1412205784927129600,1
o3TMXw6iUwMQsb7,1436596545248378881,1
nypk24429,837579211443314688,1
nxtyr,1021875142287273984,1
nwesvis,297889210,1
nuu_naiyanate,1534891001890086914,1
nuttyp462,1649342581,1
nutthaphat2496,4646108060,1
nurs3yyq,1400026135547629574,1
nujeab_taetae,1291666447517720578,1
nuiizz1987,2344726291,1
nuengpimol,1027376474532139009,1
nuchkaaaa,1042193936,1
nu_naamfon,483471792,1
nsuadana,2918218064,1
nrspcpttx,939467203161743362,1
nottyhero,113022944,1
nothingcanthurt,807006948860182529,1
norphor_ps,1112702867620532224,1
naphat_thain,1480214851511205891,1
nanon_199,1261634619499114497,1
omimatsun,1234086649,1
monymocha,1496935658187014144,1
mszxpjy,1012956150457774080,1
mrl0z___,1474216271558287364,1
mrj62161098,1391050305006186500,1
mrggaebsong,1828872859,1
mqiex,248124534,1
motorwars,75972047,1
moshigodwtm,1500523410635452417,1
morloreiei,1305488544463421440,1
mooprd,2960942455,1
moopee100,1542751347123990528,1
moontosungc,1566406596657573890,1
moonbackk,425466339,1
mookmixsth,1301190775317778433,1
monnaza420,1478124432837136384,1
nannnn57910589,1540117244906446848,1
mondaysyellowow,1502992249403363338,1
mondae10th,1097853465714352128,1
momoyayaa,153690517,1
mochi_tong,534520805,1
mobile645,1412233147161276417,1
moZ7nUqe2lcXKeP,1186658185190313984,1
mnyaoprpayi,1186881061155852288,1
mmpopaix,1532151801604341760,1
mmmrnn_,1221466901311737856,1
mmllcute,1472589169100673024,1
mmcyp_,740019518961897472,1
mm_tiger,198394081,1
mm_nitt,135572929,1
mtchx3270,1949429659,1
mtnnn_0493,988554330897768448,1
mtothe_n,4716849481,1
muayhung21,1241615826735652866,1
nana2950,1263805517555568641,1
namtan3713,854530716083798016,1
nampunch2601,1382981333861818369,1
nammolnpk,1249288141824872448,1
namijaeiei,1181875846102994945,1
namepisitpon,861556481841283072,1
nakorn_mukura,1442774218316210178,1
naioheemak,1248282510544351233,1
nahkabor,1564277272764624896,1
naanusaraporn,2463005816,1
myrunlody,1173626030910664704,1
myparentslikeU,967802687986089984,1
mynajm1308_,1345760777072857088,1
mymoonbear_,824972683230146560,1
mylifeisloveme,1494827352421179392,1
mykimran,1253526803169198080,1
myfrnd_,2163740659,1
mybabytenten,1035758959297085440,1
mxxxmixn,1286880696439455751,1
mxrmhx9,1201196101069443077,1
mxmapril,1536692689,1
mx7mbbcha,1365547849274982405,1
mwmvprt,817410378338476032,1
musicforyouuu__,1508672697039224834,1
mumumiminnn,962566526501990400,1
mumiild,96560675,1
mukda1729,2190282308,1
oilnagatojej,630312441,1
onceSiva,1062915949995581440,1
rhm_arzolf,1222541133902831617,1
ppippiiip,1564906630810320897,1
princebyprince_,1294120413182615558,1
primaveradai,1432698943926853632,1
prichaphon,865423386,1
prettywweirdo,1344635821672943621,1
praybau,3947382133,1
pratiwatTabsak1,1467696016837070851,1
prathan48,887052374,1
praithongg,1124383986183069696,1
prachatai,15016766,1
prabdayoon,842671126576840704,1
pr_dop,1528949364403875840,1
pppnipatt7,1346862303522656259,1
pppatch78,756173842607804417,1
ppeepmoomin,1420240363571187712,1
pjcoolz1,1190238744395206656,1
ppaee04,1111897495,1
potylone,1321724083067744256,1
posssibilities,17966750,1
portraitkwan,84841996,1
porntip230455,1469537633718079488,1
poochai54077032,1561700855400652800,1
pongsatorn420,1479301818857361410,1
poixianh,1334884389616898048,1
poger_k,2335126958,1
pnnxnp,1242443732604948481,1
plsiwyd,1513165159233036290,1
ployvong,1088256941925650432,1
plengsakun_,318957855,1
prixcq,3095775990,1
prpattaya,271249746,1
prpueo,932197761365061632,1
prsabtfi3,428222100,1
rerekaoneow,1107237442812145666,1
reno____o,287629297,1
renbiicheeks,1327599142508531712,1
referfern,1059599378,1
reeeewind,99266150,1
realpumkinisme,857443330581422080,1
realllmxx,940344736899989504,1
reall_srn,179039676,1
realbeer_,1407394812693684226,1
realJai_JNP,1522844257656082432,1
rbstudentclub65,1500297144099504130,1
ratchanonzy,2253341887,1
rasta4299,1170985962022719489,1
rasawangars_g7,943069809830281218,1
rakthai477,3309484274,1
rainoftheyear,723444502153695232,1
raina86295787,1241915663716777984,1
raidraper1r,1000728940216926208,1
rMJTeS7IgW5ccL9,1420580280012660738,1
qtsmmx,1464197765077123073,1
qinqinjuseyo,854534253664550913,1
q385pd,399852245,1
pw_fanta,1228915711377989632,1
pusterme,1213470806270824448,1
pupakkoko,1003910581290614784,1
pu2i2381,243593676,1
prytleee,91313975,1
plabo223,1162778477679931392,1
piyawit_wit,982239058804879360,1
onceaborkhor,1480165303824703490,1
p_ttn,198382561,1
pcb_mob,1565301183899926529,1
pb_recon,1490255431746220033,1
pattime_v14,4449519198,1
patin30727503,1087682114408013827,1
patcharliehotm2,979327178792816640,1
patcharaemmy2,1550154672660697088,1
pasii_sx,904695108297154561,1
partytae_,1054941975693033472,1
parkj25,1101954020330004480,1
paopeipp,919823385403650050,1
pantanyaluck,1322876759608487941,1
pangxxn3,806203084300894208,1
pakchong_s,1232593133294120960,1
p_miinhee,1352970069723111424,1
piyatidapn,1177917838046068736,1
pL3PKin942cE2nR,1440417375854071809,1
ozkis420,1423352131424116737,1
ourbelovedB,1116692343552233475,1
osixmxyyyyyy,306714046,1
orxgne,1334843250096553990,1
orwjk,1387006629216808963,1
ooooohanya,2656954238,1
oom13_2,4080789260,1
onyours__ung,1411887981602885634,1
onyourppml,1070340175429914624,1
onyourna_win,1354463040217862144,1
onyour__1001,1365502404993507330,1
onenews31,2678896735,1
pch23krob,502696769,1
pchppchd,3179007666,1
pearniechae,703250959200194560,1
pearzz707,74746010,1
pis_tan,159586594,1
pinkkimberry,1343060096348090374,1
pilthedays_,1016644100299239424,1
pijinhyung,1232696805839654913,1
pihmn16,4173638533,1
pickicmunek,1411216807881437187,1
phoomjiina,488445978,1
phonthepthongl1,4666361540,1
phnuwath,1893549896,1
phithak1246,1454988024157069312,1
phikkibubu7,1539219792791343104,1
phichai90060158,1481480619469459462,1
pheriyw19,1529709360414609409,1
phattawaxn_,1422179998299951109,1
phatphs,3072538243,1
phantirapp,484831016,1
phaihon,1384466613127106562,1
phabetdahouse,783558139073339392,1
pewdx2,1259121934115254272,1
petxnque_,126891650,1
peter_yhang,1560547758494609411,1
perfect10lee,1135758739338776578,1
pepijin_922,924145905493667840,1
peonyerims,1518134149176983553,1
penovxng,3854499913,1
penjangdainorsu,1481177854000119809,1
peetongnarak,1531812549804453889,1
fluk9736,65353690,1
00002_14,1483092059305439232,1
flow3r9i,729893913985585152,1
Khunmoo19,1256115073698811904,1
KhleunFlower,1567241172866990080,1
KhaosodOnline,266946216,1
Kentuck82853255,1253991182746521601,1
KasineeHemsang,888571258484408322,1
Karn3Soc,1722423086,1
Kantichalala,338819036,1
Kansalee24,953659358927208449,1
KanchaKhonkaen,1542043390535413760,1
KanTee03683074,1087477045964111872,1
KanChaAmnat,1562609337381445639,1
Kampana77777,1535610173372239877,1
K_R_N_A,1155033441278185472,1
KWzzzzz,840165298233794564,1
KRedeye99,1169753493982179329,1
KRUAdotCO,953198063505428480,1
KQ1WY,1448485866247057408,1
KNW4200,1559510049231212544,1
KLs9fA1eVXF49Pv,1457506146617413636,1
KLJH_101,844734659854426112,1
KK_Goth_,4902411494,1
KHipFiles,1549275765174243330,1
KHUNLOOKMEe,122111180,1
KER_PHUPHA,1564992989042130944,1
KCannabis8,1499457159507365891,1
K6JUwYVc3yh3Pbp,1423574945481650182,1
K0YANSKAYA,1467386367093063681,1
JustJJasmin,2432462551,1
JusT_2_AwaY,1713254622,1
Jummajum1,1131153821885816832,1
Khunm_mm,1464459345933053953,1
KidWaReview,1440868002967085063,1
PEOPLESOLID,1429005234269941765,1
Kissjinyoung,1008039182428602368,1
Lemonouss,131455066,1
Lek09821339,1053316951848640512,1
LebrancCon,942369005574152192,1
Lathittaa,1523272053822193666,1
LarkwellVispy,2995257764,1
LakiLz,17535520,1
LPManifesto,954767325311287296,1
LLouie83,1007034363127595009,1
LISA_0327P,1002953165069676544,1
LGs1Wn1GMOksnxQ,1262750842622341127,1
KunStark7,2422018382,1
KuAon99,1374111309957009410,1
Ksuyoon_,920674752213131265,1
KruJaFADDD,1157850474436894720,1
KritsadaA16,1536375111489507328,1
KrapalmPRNews,299736259,1
Kranitta_Ning,712913386049245184,1
Koy931,763579997168635906,1
KoolNop,1424295819801362433,1
Kookkook0909,1083423622549520385,1
Kongpenmeaw,857179030876860416,1
Kom_chad_luek,24871506,1
Koikoi33041098,1318430145984688128,1
Koaon_amsone,406840594,1
KlxmRucira,1544542158757466112,1
Klinhom_n,306182917,1
Kitty04628372,1200733616952623109,1
Kitkatzpp,2681469565,1
Kitigun5,1255858720002543617,1
Johncubota,1543590458,1
JirapatJRP3,1493364603765784578,1
JillJinMoo,164076169,1
Jidalee4,1537690903699070977,1
ITSBLXTHE,1125405661901115392,1
IQ56039148,1395351158135218179,1
IPopeyeI_,1565421831720280064,1
INNNEWS,47619730,1
ILYH5B2,1524415588793126913,1
IIMMIYO_JeonK,1033022994224803843,1
IHereTo24134500,1322545877580345380,1
IBGDTOP8788,1388360551273619462,1
HwanSph,1552844505308856320,1
Hunny0325,1514821905806934018,1
Hun_Lu204,767006289893335041,1
Honeycofffee,1512407694954557445,1
Holga_VVC,1565930664284721153,1
HighVoltageEng,898372181310058496,1
HealingShelterz,1597683108,1
Hasuta_Hot,265217114,1
Harumori__,1252188959880273920,1
Harleyguinn1987,1520760539219369985,1
HarincinKs1,1530222128275918850,1
Hargao221,1484913703829278724,1
HappyWe41034518,1480794141286014977,1
HamuMinT,61515086,1
Hakiyoshi2,1366354507437731841,1
HYUN_P1004,960533044875505664,1
HS2_QRK5_s9,597129119,1
HIKRUBKHUN,1098792162668437504,1
HHmU1,398455891,1
HHHHHHHHH086,1283753719029325825,1
H11Happy11,856337333309685760,1
IUgetq,1488286664615424002,1
IYamphung,1497197138102550528,1
I_amnatta,1475359583191191554,1
JJDNfc,1949379529,1
JezusHashSoOP,290951559,1
JessKaew,2852208109,1
Jeehoy09431943,1484168756851253248,1
JeJeeNzZ_snw,548349501,1
Jazzliner,81524780,1
JaruWan84587463,1233984784348565504,1
Jao_PS1998,585463337,1
JaniyaGreenfel1,1554656547472547840,1
Janetta_GI,1532612396568674306,1
Jane_ZenZo,103748154,1
JOHNS_BADDOG13,1490907196745392131,1
JKN18news,1271338114787577856,1
JJDaytoy,1233697205208285184,1
JIRAWISIT,873183723914534912,1
IamYourMiLo,1126112214421606400,1
JDP_JidaaTK_,201314451,1
J14kids,4009770858,1
Itsursus,3304775600,1
IsJaeha,1281396299024052224,1
Irisinthevalley,553255382,1
IrineSama,975280780669632513,1
Inthemiddleoft9,1543902529121320960,1
InkSpirit7,70952406,1
IngingIngfa98,1515511513439928320,1
Inershro,1509100081999351810,1
IndigoDevil1,957297204334551040,1
Ill1IIIlllIII11,1029630998932148224,1
Ihateallvegiies,782576187872686080,1
Leonado58860404,1385522355791831041,1
LetMeFatInPeace,2827224253,1
Liliparklilin,3376617492,1
N38450,1460377536534171651,1
NightRiderBKK,1564497733922467841,1
NightChaba,2224881792,1
Nickyplayboy69,1096981782619017216,1
NeyVanessa_,1162401681629306880,1
Newton_R1301,2864345913,1
New_2401,733866878242672641,1
NewBB65674825,1359388000170377220,1
NettiZa,204298436,1
Neonny_Aloha,759178406,1
Naturalskinnnn,1380789764622741506,1
Natthanan13931,1281502866176262144,1
Natthakul09,997327911001583616,1
Nattha_501,527120199,1
Natt_Jiratti,552890122,1
NationTV22,50916567,1
NarubesSongkram,1547945656731697157,1
NarongAccord,1497060140708958213,1
NannieVanilla,357986904,1
Namtoei34652398,1542210808377008133,1
Najwitzchild,1432112644744368128,1
Naivenotreally,1080959654610366464,1
NackWatcharano1,1543235645669507074,1
Nabiismebabe,1531241549392007168,1
NaNcRaZy,60949449,1
N_Bpna,189798648,1
NM_Tao68,2955478650,1
NIARCH8,1563488655955464192,1
NARISXJN,1548632065930711042,1
NAMZICO98,1013441360,1
NimitWhoa,353007865,1
Nimtan_14998,1291440302956281856,1
NineDargon,1334128705476575234,1
OctraBond,37223078,1
PBBK_luv,1270386370377248771,1
P1ckyzz,23788740,1
P119y_XD,1453260720011980809,1
P0h2S3TT70VFoMw,1221033731248443392,1
Oxygen_totz,103560431,1
OrderHigh1,1561256183935012866,1
Onlymouymay,755228441838886913,1
One1n,388718162,1
OhseMangnee,858538965023858688,1
OfficeM52690987,1166651356083474432,1
Offchainon,65871931,1
Ofartistic_,1958712307,1
OdzGug,1363461149405011968,1
October_Face,636193366,1
Noeyny_pepo,385938525,1
Oatoatsexy,1561014579874115584,1
Oasisl08,2568023809,1
Oasis8889M,1562722720097325057,1
OG_Chaingrai,1411828465,1
OGTIME01,1534738720464588800,1
OGOG420AK,1554126957029167104,1
OGHaHaOganic,1539246967892877314,1
OGCannabis6,1539576019727699969,1
OCTAXJAYMILE,1546121223486070784,1
Nxmmhyun,3192030708,1
NurzeYoung,73402086,1
NowsnyATS,770643519497121792,1
Nook03714420,1071349699603386368,1
NAKE19999,1536443638229905408,1
My_Boy_is_BTS,847441578176032772,1
Littelbrother2,1381760090827464705,1
MyFantazy,1247202685280899073,1
Manunphat1,1016682852220407809,1
MakanchaoS,1563937638629150720,1
MaiiMmu,1527345359055626242,1
Magicclays,871898952127225856,1
MagaTrony,138356573,1
Maew_Som,788687163508391936,1
Maekaijae28,1313726170538500096,1
Madeemajer,2357612526,1
M_moomoomin_M,842848669271384064,1
M_mamha,1008821004,1
MPhaladee,3256797794,1
MP_onthesofa,163043044,1
MINIEBAEK,2778429266,1
MGamGulf,282039121,1
MFPPathumthani,1555532793039310849,1
MBeastneety,432574282,1
Luciaqxm_,1565171500986277888,1
LoveGun68408096,1185088435238797315,1
Lotuskung,167807154,1
LooknuNie,433538905,1
Lookatmymoo,1551418300998963201,1
Loedere,420490529,1
Littlenoto1,1445734404291055626,1
LittleheartStu3,1516644845162725377,1
LittledevilXxx,855734208,1
Little_Donut,232501079,1
LittleRactle,857952030,1
LittleKwangdeer,786219683686952960,1
LittleBBspecial,3033904254,1
Maorai4,1539823533932523520,1
Marchboo___,1081065243453751299,1
Marx04882911,1544881278981353472,1
MinnieSdu,1071180098,1
Muk_YoonA,277394268,1
Mrtimwolf,757272869462081536,1
MrMrgaryherb1,1565686375449767937,1
MrLouisLouiss,4060729993,1
Mottomo_a,721648839313063936,1
Moominvida,472646150,1
Montaques70,772589246,1
MongBonPaep,759623125,1
Mondne,123504085,1
Mnpdc27,1094788376,1
Mnakinism,72877836,1
MissyfishJ,1393270071175303169,1
Mint8681,1530899399332614144,1
Minebaeju,229790304,1
Mata70072168,826020423452090368,1
Milemyla,922440522064523268,1
Milanda09,1566389144108290049,1
Mhee53415898,1354353143539064832,1
Mewzii13,858254570,1
MewsiC0980,1395251351953678341,1
Metoo442,1473214014972837890,1
Methur_M,1512266710208106497,1
Melisatwist,901324084914540544,1
Meaw_CNblue,2663368232,1
MeankungAI,1283972995073990656,1
MeanRotary,143135812,1
McXsteiN,248623587,1
Maywiemommybear,948569545962283008,1
Guardians_g,950860673273049088,1
GrowGreenn,1550395334404472832,1
GroundGrey,1302077920765120515,1
AeEmo10,1094062245686824960,1
AubaibP,2616477001,1
AtomPassakorn,1064734218717061121,1
Atjarin,581153297,1
AsouKasa,835146264,1
Asingilo,258283546,1
AromaticaC,1330428204457238528,1
ArokaWrite,1080873096137994240,1
Arigatohk,2755004852,1
Aqnime,1259350104500088832,1
Apo_mytype,1502070023321370628,1
Apinnattawo,1527485481742544896,1
AomNnt007,1535916388463673344,1
Ann_ITme,825015668210741248,1
Anindita19941,1531673022536753152,1
Angnang4,1458525999788822529,1
Anek55551,1529471445419831296,1
AnakinS61429616,733197862960398337,1
AmyisteineKatze,1066739107450290177,1
AmyKanyapat,1000794551727022080,1
Amphawan12,2986531292,1
AmnuayPrapas,1471350939638386688,1
AmiMeliosidosis,2581150256,1
AmeliaAundomiel,1049605900657250304,1
AmaryllisX,320519695,1
AmTune_June,900769721573752832,1
AmHopeTomorrow,426444237,1
AlizabethKim,732975511,1
Alise_abcd,1458329299954827264,1
AkaneNaru_XP,1494596989438562305,1
August12577740,1436174297525940240,1
Aun_G,217747248,1
AuynaNuna,869412453829836800,1
Babykorea999,470955145,1
BellaHaRoii,1114819562,1
Been1278,1075350601494478848,1
Beeboy243,1464454012179210240,1
Beamby_44,1504181893562265600,1
BeajingK,1454494442920890370,1
BeAr_WhiTe_1,402645015,1
Bbynomnimx,1077176662956027904,1
Bangkokhooker,158794426,1
BangkokStyleWeb,1246653096974938120,1
BangbonBee,2484939631,1
BangPakchxng,1558729753666142213,1
BanBong420Shop,1556813492488769536,1
Babyview_m,1541974498982780929,1
Babycannabis420,1566426609464184832,1
AvanatiShop,1565215640960778240,1
BaMBooWeeDOG,1234008856788754432,1
B_ToHi_cool2022,1494377651116527617,1
BWS_Cannabis_OG,1565885838226952192,1
BTSINMYMIND7,1256271368879878144,1
BNyoungYuZhou,829995089766158338,1
BBGUN79602958,1204269627380862976,1
BANKKOK96695303,1414626865700950017,1
BAIPHO420,1246638397134745602,1
BAIFERNINFINITY,431190610,1
BABYRLAXOGUD,1509747236787286021,1
B140645,1460223891498889222,1
Awsedrftgyh1234,1158027069315411969,1
Awrde5,1538536781163171841,1
Air2282,1287243906933874688,1
AdmitDrama,1223986403895209984,1
BenarNewsThai,3064035106,1
Abm20425454,1081472519301881856,1
33new_n,756512397653741568,1
331Oew37BHxV6Ut,1444473012267339778,1
31x04dwahhx,213950623,1
31102551,84185959,1
2sPM8uGmUbLjiEQ,1209454534218543104,1
2b4lyfe,1263503361132748800,1
2TXASURAPHAK,1501123252378542081,1
29fridae,247395127,1
26megurine,1463870007889186820,1
26l56,868618360040202240,1
25Deroxst,1542090244979191809,1
250III,42784636,1
23luvsnoopy,1154002525084721153,1
1twonews,1544620409672257536,1
19cig_s,1305471644572372992,1
18sepz_,1046424483311939584,1
18ismybirthday_,1531842888254246912,1
180cmchoochok,1136497201113231362,1
16rhonlee,1355263312553013255,1
14ttir,1348868089782231044,1
1308pjm,770974864488431616,1
11fifthy,733255484996648960,1
101_limm,1326180794918789120,1
1000lumstore,1536773104768552960,1
0ZLYP4PA1,1521084143173394432,1
0JokerB0,128990738,1
08enhyz,1559542861892571137,1
0808Sunday,1567086954810056707,1
0327tlsb,1373644229214277632,1
3UkertTEdddfDMS,1108177069333110784,1
420DoctorWeeD1,1564824998744694784,1
420Door,1563935683362062336,1
993052s,839384528,1
AbhiratInt3,1392337843075260418,1
Abae4043,90546536,1
Aaumaumaum,130910810,1
AanPpn,1486186786040987651,1
Aa1231312,1459580490692718595,1
AWD273,1244850707909378049,1
ATIKIT14,1410616552416702477,1
APK________,705740827,1
AGNensai,397183835,1
AA2600927566,1553472955115380736,1
9BRYDE_S,1550436981523431425,1
99diealone,264119501,1
999MyEyeQ,1494254262582652929,1
9432Ctt,1503729508855148551,1
420GETTHC,1552667330282278912,1
90537796,786465073,1
812mood,1493284560188043264,1
7llkec,1413502531578126337,1
777qyy,1405843643676577794,1
69Na_Na,917765926027538432,1
666__Zero,1241420688222650368,1
5sLWrfH8JxPjOxS,1094669245986697219,1
525x99,383615172,1
50KILOGRAM,4816956114,1
4GXPRITSATHAT,1531230331117875200,1
420green_,1386183306429927428,1
420fullfill,1383023192684457996,1
420_rayong,1542059106357215233,1
Bellagon5,196096501,1
Benny_Benyapa21,1346722213597126657,1
Green_tree65,1562438207785996289,1
DngKaycha,1495313932386709509,1
Fearofg96918136,1519689054496862209,1
Fairy12319,1316024761533698048,1
Fah__Maneerat,1522065799510376449,1
Faceframeshop,1533423160204218370,1
FYmCho,116984601,1
FLOWER420420,1558193384459628544,1
FIAMAZT,1520307741356482560,1
FFonkkimbb,3233388912,1
F3VX7Rvr80rB3Gf,979140582898507776,1
Essoss4,1042470512935370753,1
EsmaeCartel,1548418685802450944,1
ErkAsk,88456073,1
Enahee11,1140594720730578945,1
ElbacAyitti8541,276031822,1
EbiKung2,1044258204249518080,1
E_hunny,1014646002,1
ERg5UgqXoYn1unW,1458176685593923584,1
ENERYOQ,901843735897448448,1
EINPUB007,1559277248972476417,1
E24YEP,2902843388,1
DxntTouchMyBody,707216056687808512,1
Duck_Like,54734083,1
DrBorisutH,2944197248,1
Dq55LJxlHJCcYtH,887857794774216705,1
Dpsychedelic420,1504108425105477635,1
DorthaGoyette,1529270393089015808,1
Donut05022538,1519479227426676736,1
Dontpanicitog,1543893841929183232,1
DongDongYaa,1076149741845590017,1
Febkmph,1271527592462389250,1
Filmize_nekar,167839093,1
Fishhun76858051,1498657173269737475,1
GThunderZ,1544683925208854530,1
GreenThumb_S19,1562426637630640130,1
GreenShopTH,1561216082702004227,1
GreenLionOG,1525400384722075648,1
Grai37944686,1442755244950110213,1
GrahAnimation,1029660114158989312,1
Goodbyeeeell,1482698208501694466,1
GodspeedOg,1309887274142724096,1
Gianni3579,127743418,1
Gglompock,1268728032912498689,1
GentlemansAyi,931524416,1
GamgieA,1483052468380778502,1
GZUdomsuk,1544040606044893184,1
GUY7XFQ,1408798495536869377,1
GR4CEZ,179932413,1
FocusOnTheGo0d,1481543986976542722,1
GOblin00475,1050270637275734016,1
GM_Job,96494965,1
GINGIING,63048813,1
GIGMODMOD,204856954,1
GGtomoon0350,1181562474450915330,1
G0NETMR,1152961266421387265,1
FxwDNZ6NEbHg27r,1421744320298700804,1
Fuckking9999,946113717061656576,1
Friend_CK,222089022,1
Freiheit_NHLC,207003935,1
FpsnD,2879179530,1
ForttTiger,1550442951532195840,1
FocusStock,1216633884277788672,1
Dome63765071,1093494234697523201,1
DigitalMoreco,437691517,1
Benzjung20,938792435492073472,1
Diandao5,1236873183258697728,1
Cannabis420V2,1179734142927245312,1
CandyXbt,1510669981943734273,1
CanabaeTh,1559718066052730880,1
Call1319,83779676,1
Cacalost2,1256362697077198850,1
CTXZ99,1513131801698791428,1
CSNXRUMMY,1493825708027645958,1
CSAllTicket,1176433006011015168,1
CPlugfi,1456645156908584966,1
CPSRRNWK,1491947303258968064,1
CNBMTWIT,1497142215222894593,1
CHARLOTTE2500,105364153,1
CG973569005,1224618744334311426,1
CF5Zl9gxVWB561h,1311047175506255872,1
CBangpakok,1141720496863531009,1
ByunG_04,720899362209935360,1
ByMinute0412_,2215711957,1
BwyMae,1534469634266521601,1
BoyzBoyzBoyz3,1321034211810107397,1
BoomyTorao,623376272,1
Boombloom420,1537265398491455489,1
Bomberbee63,1134925824790941696,1
Boku_wa_fantasy,2202492024,1
Bnllillii,1040927487658668032,1
Bluedream_Shop,1474689024400912385,1
Blue_Dream_Auto,1529080861744046080,1
Blue08713844,1347198863996710919,1
BjrPlalp,1489614245381939203,1
Bird_prapot,192573437,1
Cannabis420z,1567397842343587840,1
Cannabiswinwin,1546557906983993344,1
Cassandra20092,1531642102865461248,1
CindaNxng,1566327724431798272,1
DeiywPakka,1555571698589929473,1
Deaw17,76561900,1
Deathfool,2311779283,1
Dayphael,1451741690532810757,1
DarkEyE202,245348816,1
Dafyont,900180872787144704,1
Dadong92,1474391266443993089,1
Daddy9597kv,1318954364363419648,1
D50QRIgFQvlQsW1,1386471240764780546,1
CruzherCnx,1544324414271291395,1
CowyEatGrass,1274352503333588992,1
ComicKakeru,1228971608301170688,1
Cnanya_tsw,1421029784507719686,1
Choychy_,1498270872431304707,1
Catnabiz4char,1558069018895912960,1
ChomV_Hope,4864298215,1
ChlburiK,1495622320551251970,1
ChlanSng,1535792818442338304,1
Chis_PGW,1565984029010436096,1
Chipper_Chom,1234845012493393921,1
Cherkan9999,1565756805615349760,1
CheidSukh,1457274507702374407,1
Chanpanmaew,2325544597,1
ChannelOatza,1417530251152822277,1
ChangesPW2021,1361324692682936324,1
ChangeThailand,788472458,1
ChaMareng,1487689218121822209,1
Cgame76633310,1317680842085298177,1
PDWGCHILL,1209022469274648576,1
PSuneerat,2625680157,1
fish_sihmd,1391504702865436675,1
bhakorn94,960171802658918401,1
benightplys,1162662794719662080,1
bemyyyyyyyyyyyy,1546146976814641153,1
bemy_precious,2645424426,1
bee_1800,1855992800,1
beautefemmes,710254394,1
beammie_znn,1172349095643504640,1
be4myj,1044592330181771265,1
bbwspair,1455902354742542344,1
bbibbbibboom,981804524288409601,1
bbberm11,1430885282060980226,1
baw_tas,1548182329977319424,1
barrrr_ar,1417155871981772808,1
baraneexx,1436602914567442436,1
bambambarx2,1105093515397066753,1
ballbbaright,1469293373324292099,1
bakkckaia,1058961894243885056,1
badnightoff,1502172854544388097,1
badbequte,2392603896,1
baconmaicry,1499256079741763584,1
bacon1hamcheese,1478328646305730562,1
babypoppysmile,1314842481381371905,1
babybeom,1429360682416230412,1
babybentx,1145342836788695040,1
babybentenzly,296705421,1
babetenleejt,1376685678658908160,1
baberyabyjin,896239690310836224,1
babebiboo_,1436907628186066954,1
babababababi6,1409122019690512394,1
b_jiminn,764001349973323776,1
beurapollo,75768761,1
bigbang_wn_wo,570835192,1
PUFMAN1,1566104816983879680,1
billskaq,1463364383241748481,1
burgerx3x,1630301498,1
bunyapa21224,1355336812093296643,1
bunlu2013,1074255901,1
buk_ball,99533466,1
buckybarnes1992,1514324761773772802,1
bttb_twt,797857001518698496,1
braverymars,869886770418073600,1
bppingpong,1262423355140927488,1
bpnonlineplus,1245597764177682433,1
bplnwkodkod,1098524105777676288,1
boylopburi17,1392863830800166912,1
borntobesnsdot9,1318912227240542209,1
bornfromanxiety,773547833723064320,1
boranzget,1266003557049745408,1
bonzwinfangun,1428726119780425729,1
bombanoi,215918048,1
bodin,14313746,1
bo_zup,1536734456374960130,1
bnt0397,1175291067039539200,1
bnmm_nnn,1450659764493447173,1
bneaamtt,842606205474283522,1
blindingLIGHT36,114389976,1
blin_gx,3234690477,1
blackmoon_nw,1109790003536617473,1
blackcatkaizer,36449840,1
bkkushog,1566377813061431296,1
bkc_420,1547424902126268416,1
binkbingna,1418249534568759296,1
bimbebe,1337231987526889474,1
b_121991,197385588,1
ayoungv_x,1396668551704895489,1
aylinclare,460725854,1
axviiixixix,1084778694898475008,1
alonewolfmafux,1424245935404511232,1
alinnalin_ice,938755646219943938,1
alice_tem,163082974,1
akadolphin,1445645317693591553,1
ajreephyuu,1137643743920545792,1
agustbeyourhero,1325820456092381194,1
afzx312ihfwo4f6,1424420795191754755,1
afreshlybread,1516025517467893763,1
adsxnene,1456908177912389635,1
addictedSometh1,1311899778515517446,1
addict_pece,2912312400,1
aday_ILYSB,1041300412777693184,1
_xPANDAPANx_,924864108200992768,1
_punpunzz,927790219817992192,1
_peexr,1508340259720876032,1
_panky,83107791,1
_nxpawatt,1481167920273432580,1
_niffo,181811643,1
_mikyo_NN,2376782881,1
_lsaline,1448040068,1
_kharkdom,1133760343933505536,1
_jeongjun,2929631478,1
_jar_m_,1147559389403869184,1
_itjan,86247682,1
_itchyme,923141244468977664,1
_iamsasi,2483296752,1
_forevening,1469894304260755456,1
_earpsp_,2279034986,1
_cqphr,396764221,1
altavista146,807807256351817729,1
always168_,1138339492375302144,1
alwaysBuilddur,1548698811316715521,1
appleonezeroone,1505601096865116161,1
audition2587,1538131864698793985,1
athcr_km,146466505,1
asrp43,2365252075,1
arz_pa,1250223427685773313,1
arucha_ch,2450665452,1
armagreddon,2427260198,1
arisaxcx,1488939167413243907,1
arealbitchisme,1045476434,1
arcticppl,1416467827930800129,1
araiwaaa5,1380470687924543497,1
apricot_246,1093339721374216192,1
apr2119,2930637541,1
applepie1038,1076536153627480064,1
apoisdabest,1539923553663197184,1
am_isomeone,984879737695686656,1
apoapo8059,1391951386665914369,1
ano1hermor3,1514463507127095300,1
annyrothlis,1229707660502630400,1
annly1study,1458401178065063941,1
anniepeenarak,1552999802140770304,1
annicmeow,1068146775091900418,1
angkul1235,1522255221992218625,1
angel_eldar,826225463324401665,1
amyoungae,560958960,1
ampioids,3266075664,1
ampeachiii_,1387258233807544324,1
ammsanzy,1395653687188418563,1
amaging_,135458935,1
burningbIvck,945464916,1
bustertwt25,1069191274714939392,1
buyteim06881625,1554753330953723905,1
darimmy,1258796453738110981,1
dumbgh0stly,1453633115692228608,1
dumbcatdeaf,1233701926698541056,1
drunkasalord73,2212177352,1
drmfsaahii,1273130085386682369,1
drcbdgroup,1513432118982242304,1
doyoungwith_jj,1190234995836608513,1
doyong_sbaby,1209366180546273287,1
doublebee303,1882519976,1
dope_th,1376512522019205129,1
doorsan_jack,1463430257621364738,1
dom180140,1557969117940170752,1
dntdistrubfeb,890759991635750912,1
dmsic,97416440,1
dkmindworld,1560720812126089217,1
dk_morse,2282386434,1
devi_devil,350309313,1
deraqq1,1042436414426636288,1
dekvok,2260444416,1
dektitnang,999312018480840704,1
deknarok112,1317161170843836418,1
deeperinlove__,1510474475518668801,1
deelahleelah,3198390162,1
dedaa227,161327312,1
december_ty,1014857680442159104,1
deathbyeasily,1481304140945190912,1
dearmysputnik,978572758316589056,1
ddd06885679,1188008372651483136,1
darune121_cos,1350852007687462912,1
darkbitch6969,3021392904,1
dyyman_,990358982,1
eNGOthai,1149431972,1
earthty99,818041790427037696,1
fahphakawan,130930960,1
fifteenthdec,851715504087613441,1
ffffppww,54054224,1
fffffilmji,830782548657582081,1
fevperjxn,1468599586675560448,1
ferorina36,3053095170,1
ferbiee15,821308240608706560,1
febbluehour,1499687205157347329,1
fayfaelin,253963505,1
favorablesky,871315628396761090,1
fatcatcankillu,1524024726833995777,1
far_away_down,224114777,1
famoesweeney,1559210370597654528,1
fallingforboos,1484221433010343936,1
fa1rygodjmie,1546040697886650369,1
eeykun,1274211946129092611,1
fA2FcIfUBQIHvKA,1435988392274063366,1
f3iisaka,1484497724624236549,1
exotic_quixotic,1251986119782273038,1
evieweeeha,62539388,1
everydaydayw,780769068458455044,1
everisks,1228315173670113280,1
etuedok_1,1358016027980779520,1
eraser_38_,2370299136,1
enxcot4ever,772769290885881856,1
enotspecial,1197191966083043329,1
engelmei,62897660,1
emanmai,202507699,1
ek_plapong,1023865996220686336,1
darinindaeyo,1033988904003633152,1
damrangjik,1385917031917125634,1
bxbx___x,989167829223010304,1
dainosaurfeng,993790696405458945,1
chann2707,1007859622391083008,1
changeinto2021,1462220046646665220,1
chaiwatpromma1,1366567892959956994,1
chairtmonkol,1536383957066846208,1
cchabum,332172810,1
cccholll,3278520337,1
cattycutei,1542935534733242368,1
catblackcatt,1455384483805364226,1
cartoon__tb,938637476,1
carotsimuang,929654665108529153,1
carmen167057816,1318539189646884865,1
cannabitchshop,936190930926710785,1
cannabisprojeck,1251425065104666624,1
caniwoofforu,1546844716096188416,1
canabe789,1548499887125569536,1
can_nw,108244055,1
canIweedKKC,1562743968026460161,1
campuncatweed02,1551441476483428352,1
callmesibsam,1251562764952170496,1
callmemojiko,1529814986855309312,1
callmegeneyear,1327264499494047744,1
callmebestboy,1184718872223502337,1
cakekes,2716769508,1
c_calloncal,4768633220,1
byunlie1992,1826141622,1
byuminmin,881468235907973126,1
bxxt04691,1109106716740771842,1
bxxshk,822234383549509632,1
bxneww,818478379208847360,1
chanom_nya,1430041995880189952,1
checkout_tw,1462738156172693508,1
chee206,15177818,1
cky1357,1564552484437127168,1
dahzence,61239177,1
daeng_sra,1542864311672242176,1
dachy333,1565913863538692096,1
daboyyuki,488551206,1
cylowless,1391696801573478407,1
cutiesmdh,759741563324936195,1
cumkom,1021053276588978176,1
csntk_twt,1561316162792697857,1
cream_roro,349726485,1
crazyinfiction,1415028286095126532,1
cnwtwt,4444571368,1
cloudysecret,713601950,1
clouddroplets,2519830700,1
cindyjisooo,957237201066053639,1
cheetahcubsclub,1180719417119764480,1
chxrrylisav,799837585400942592,1
chxbyed53456616,1506575353631830023,1
chutikan_noko,738002826769534976,1
chum_ladawan,1522059645342216197,1
chomgun,141906734,1
chokcha65304586,1081914794955833344,1
chmsskp,1373634028436287492,1
chizuotoko,981843182882189313,1
chinkyu4u,1563424455325777920,1
chillstoned420,1537057550700449792,1
chettapong,43920840,1
cherrypuffcola,1233053441561448448,1
cherryblosx,1402641500849147912,1
_choi94,269181548,1
_arm_on,1564238163660312576,1
_alittletipsy,402744274,1
Ritaflows,1179165137023963137,1
SentinelXD_Twit,770435055969718272,1
SecretMild,3246861050,1
SazaYaowapha,874845291484246016,1
SayonKongsin1,1423085545136136193,1
SansaiZaza,1492219460,1
Sandblast5811,1394311256635367425,1
Sand99258539,1441676171016425473,1
Samk109100,1112347483462463488,1
Sam77777468,1530427179364122625,1
Salili372,1453212406600159236,1
Sakulu8,1426042030170337281,1
Sakk2505,1450746546073395203,1
SZONG2,347870239,1
SWAG_barbiebow,797716779107635200,1
SUPEREVIL_2275,1040214317637890050,1
SU9RAT,1412715065204121601,1
STORY22065652,1464246133216133160,1
SSSmyMint,3245403512,1
SNOWvember11,1509895670811217921,1
SKV_mee,1295558251220615169,1
SJJHHJYDSHDSRKK,398052943,1
SETmaiThai,1378305546093162498,1
SENSEfothekims_,1322469213156630529,1
SENN_BP,944826359242620928,1
SDec_Me,3301360807,1
SCOPEXPHARA,727725403863957504,1
S48664569S,1550087468497506304,1
Rulady999V3,1523667272912748546,1
Rulady999,1518487244625281025,1
SherryisHERE1,1395007612672872449,1
ShopTanboy,1058001087167258625,1
SiamBuds,1550121790537510919,1
SplitFire789,135114693,1
SweetAndCurls,2420777390,1
Sweeddyshopv2,1567111030568001536,1
Sweed0077,1540191749150511104,1
SupsookVarisa,1424176004952584193,1
Superstar1890,1517725335357300741,1
Sup0Te,1016350419486892033,1
Sunshinely_,1420993204296458247,1
Stunning_15,1170735525038149638,1
StayHighby,1554105782249345024,1
Starryplace1001,959454253549961216,1
Sssssss66883587,1469657031728529411,1
SrrDome,1176497754719182849,1
Sripa4Tawatchai,1566925604808957952,1
SpacebarMediaTH,1453219269395812354,1
Siamhighcity,1566045423311388672,1
SoodYodMan,763789434,1
Sompop12096801,1537969129969225728,1
Somchai96885657,1184898210562625536,1
SoiU54,1516602612564791300,1
Snoopy87348130,1291709960439521280,1
Smartassinpants,1533732178722291712,1
Slow_so_sick,1559919662598463490,1
Sloslays1,1566363689036308480,1
Skyydao,1317342033724403712,1
SkFone59465856,1537392859367677952,1
Siriraj_PR,90342276,1
SiriWasant,1324153960488267776,1
Siri20xx,4079231180,1
RuangkhawxSB,1263764627336265730,1
Rg420T,1554104830645649408,1
SwisscannabisT,1533510489405550592,1
ReturnLifee,1517770430727462912,1
Pojty4,1020458243536052224,1
Po54539747,1507105424163553295,1
Plutopuzzle,1439153400407412736,1
PlugwalkCnx,1566012117655859202,1
Ploy_jmn,2995534021,1
Plinlinyx_85105,1000257467102593024,1
PlearnGan,1553548878716084224,1
PleKaMod,596115977,1
Planiekim,996492145,1
Pkployella97,284451480,1
Pizza_cpz,413115042,1
PixieExo,1920179611,1
PinkSlip_EMO,131169280,1
PimmyPhet,1539204877133369344,1
PhuwadonBee,1329031532619546626,1
Phlutoo1,1384922122342977538,1
Phasako26340027,1532859646473424896,1
PharichartY,1234416842338226176,1
PhanuwatJobb,230492036,1
Petcha_pura,2947207573,1
PerfectJoint22,1426491185535750147,1
Pemberry2,948513752617443329,1
PcAOM,66952369,1
Paula_ri_,123480490,1
Patwee9,1318782936993337344,1
PalitsArmy,854220420341309440,1
Paepipat1,1293372006637871104,1
PaSilpin,1551848535423090688,1
P_NUMB,759702292702502913,1
Pong79734255,1284800364370247680,1
Poomuangnon1,1337281986503720968,1
PopMina1,2431929756,1
QuantuumNc,4777881775,1
RepublicofGuEng,69547574,1
RengerJZ,2558980219,1
RealG1995_,510994375,1
RathitM,1139597532139380736,1
Ranrannn421,1560055785455243265,1
Rabbit_HoleInc,1403327402478956545,1
R_artisty,187580521,1
RUFIIO11,1307633947933696002,1
RRox155,1026125082047827971,1
RN712,596665232,1
RIP_SS5,1451195960265109527,1
RDnews_Online,2190520957,1
RDgHwBFl7jmQBFV,1369166089272262658,1
Ql14yIYQ3hq6HYk,1452468212365344771,1
Porn_pinij,1460086692723904517,1
Pyzcharx,1145169871,1
Pw_phu,715606793431289857,1
Puppylo01170751,1168426835106877443,1
Punnaroo,1519566908537802752,1
Pumkin5391,1233806137880760321,1
ProTaeKub,257874359,1
PrissSochi,1127190499813732352,1
Prim27338957,1393895219226038273,1
Prasong_lert,306804514,1
PrasitPutt,1297834176964464640,1
PrapatTun,2452291104,1
Prang420,1377656372309815299,1
PornapatKaewji1,1433241429581516806,1
SweetieApr,1476549957255516160,1
Sya86623692,1348238299186413578,1
__weedup56,1551113596536762370,1
UlaireToldea,884980902756982784,1
WvrpBoi,1563894149052760065,1
WrPhuthr,1560992864066486277,1
Woodstorekush,1477508536259080192,1
WooA_rm,318937117,1
Wishpyyyyy,1005424783440277504,1
Winwon2532,3471554779,1
WiboonThai,3178198825,1
White_Channel,467995576,1
WhiteFlower_48,1506166348992319490,1
WessBake,1560946218741923842,1
Weedroom4201,1565129792953151488,1
Weedandmoney11,1550052035009327106,1
Wanwan53151183,1186292238864666625,1
Wangxizhao88,1484011711330123776,1
WangSilan,1120874806252068864,1
W_PepiFoxii,138277545,1
WPiass,99134921,1
WORTHY_A,87670858,1
WK19174850,1566645468909940736,1
WARPbrownies,1554401232063586305,1
Votelist,2347835774,1
VoiceTVOfficial,53864669,1
VeezabiMaruz,2210609642,1
VedxNonoey,1170236717229412353,1
V_Vtae30,1448699405985456143,1
VVVARIT,830056802683203586,1
VLR_RI3HP0nh,1533598360028192768,1
UnixFT,787341766504484864,1
UncleWeed88,1436333410318909446,1
XIXXXLVII_etn,1275500399366037504,1
XakhrKalya,1482406150377476101,1
Xangsaeast,1461683620867833857,1
ZzYbCw050525,1197916084420001792,1
__vipppppp,306508157,1
__foolishday,863009119447298049,1
___xxtyar,850761821225078784,1
__SophiaThe1st,217291368,1
__HoNeyHan,1143153490216144896,1
__1398mp,1218132403,1
_PCYNM34,2889879344,1
_Napat8,1527355411984027649,1
_NPSR,1180869436741308416,1
_GeminiCastor,1531937109086380032,1
_Antidote10,352771831,1
_2111z,1405458771220918273,1
_1960p,1528340200556220416,1
Zmthun2313614,804268090401832960,1
Xco888,2518060129,1
Yykpp3,1548356474434248706,1
Yuriprice,1324665680835223552,1
YuKiKaZe_YuKaRi,1468605304065572872,1
Yokopattaya1,1505603133996613633,1
YellowNotGreen,1561748623695564805,1
YanaphatSrikwa1,1540892903383281664,1
YakakinaY,2893872932,1
YUAddMe,68798111,1
YThanomrat,1419651673748692998,1
YKawyou,3189716466,1
YI4ONLY1,1546114948111417346,1
XzAnubis,921996705322622977,1
XriYio,1279968487012626432,1
Umim4bay1,1544317705255538688,1
UexaouBHxgDdzbZ,1326516932456054787,1
T66406619,1516370674285113352,1
UMe1204_11,1528003128263872512,1
Thansettakij,64994079,1
Thanako61521395,1053305576115994624,1
Thairath_News,86899675,1
ThaiX_Crew,2403404586,1
ThaiVapers_ECST,955633916433453056,1
ThaiDelphiOoi,3311221219,1
ThWeeds,1348211124236283905,1
TernyMr,1445563050652667908,1
Ternee2,1223824229092618240,1
Tennyworld10,990856892447535104,1
Ten10outof,1356303336589287424,1
Teerasann,64394090,1
Tarnisa2,1391697101201887234,1
Tannn_Black,390634711,1
TanEye,1974358249,1
TanBuathongtan2,1389911295273537536,1
TaiPhonpinyo,1445027062868107271,1
Tagarteam,266925305,1
Tacomahilux,869814140419751936,1
TUOJEED_MTNU,1546496435683983360,1
TSattanuparp,1467159080015904770,1
TSAEBEAUTY,1476804192,1
TRGfool2000,771708662784126976,1
TNKK_Glasshop,1565342035066105856,1
TNAworldnews,1321695220942004230,1
TNAMCOT,264608882,1
THIPPY_PAENNY,323136872,1
THEWEED83501089,1413531334560018436,1
TEN_7COLORS,1514564526204592133,1
ThcBrownie,1393150943848370179,1
TheAnd30059764,1526243954190176262,1
TheRock83709683,3176298840,1
ToRNabi2,1027254409799987200,1
U8VIQ1HIWQKOt21,1362288130988986369,1
U88guk,844402841221582849,1
U7SID3DXPB,1548385262040129536,1
TwoK10946710,1460075655203155976,1
Tv5hdOnline,1461578761070018567,1
TumWalkAround,386491992,1
Tuauanthika,2411019643,1
Trspacebrownie,1151073900266020864,1
TrippleRoseMiLL,1164981647227310080,1
TorNattawutP,938699154938662912,1
Tookkae7,1479694004266565639,1
TonsTweetings,15457437,1
Togetherdriven1,1005610913024565248,1
ToEy_WildHalf,332226093,1
TheStandardPOP,998509048273125376,1
Tk_Mom59,1465740940857929731,1
Tjtth_,2897580967,1
Tim_Boydevil,357371507,1
ThonthanWat,1564875119314341888,1
ThmPhngsthr,1492183243319234560,1
ThirtySeptz,1346970077556469760,1
Theroomcannabis,1558848159715332097,1
Thepparith,63355760,1
ThephKaycha,1546659226340446208,1
ThenewXelfu,326732176,1
Themoon666420,1544673630893662208,1
Theben68,452134284,1
TheTopicFlow,41084430,1
baraya25038162,1270754757955616768,1
